0,54454454454454454454454454455445445445544544654454454455445544544544544556676677077007007707007007007700700700700700700700700700700700700700700700122334334434434434432232231322321221100100100100100100100100211223344
0,544544554544544554455445544544544554554455445455445445445445445445566770070070070070070070070070070070070070070070070070070070070070070070070077007007007007007010122324334434434433443443443443322322122122122100210010011001001001100223344
0,554454454454454454434466565445445445445544544544554454454454455667700700700700700700700700700700770070070070070070070010221223322443443443443432212211001001001001001011212332344
0,54454454454454434456544544544544544544544544554454454456577607007007700700700700700770070070076070010070070070012123223443443443443443322322100100100100110122334
0,5455445445445445544332435566554454454454455445445445445445445456657677070077007007007007007007007007007007007007007001021223324434434433223221100100100110010010112232244
1,655665665665667667667766767767007707007001001011211076676676676676007677077007001001100211021211210221221122122122122122122322323445543443443443443443443443212232234
1,6556655665665665667667667667767767707670070070021001101101107766766766766776677677607707700100210102101211210221221221221221221221221122123344344554434434434434434454433233244
1,55655654665665676676676676677667707700700700710010021021007667667667660766776607707707001001002101122122122122122122343223243244344344344344344344344323344
1,55466556656677667667767707700100100100776677660770070010011211212211221221221221223345443443443223344
1,5655456655665665667667667767707700700700101107677667767767700700100100100112102122122122122122322344344332344344344344344344334
2,65445445545545655456656655667767767001223221121101100100700700770760776676676676656656656677607001022122322122122322322324323344334434434
2,54455445544554554554565456556556677677001223221221122112101211011001100110010017007077076707677667766766766566566707001122122321223223223223223223323343344334434
2,54454454454455455456554565565566566566766770012232212211211021100100100700707707677607677667665667700122122312232232232232332324323343243433434434334
2,54454454465455655665566566760700122122121121121100110010070070076077676676677660011223223223223223323323343343344344344
2,544554454654554654556556556566770012212212112110110110010010010700707760776677667667667667667667667007122322322322322322323323243322343343344334434
3,5565665667667667767767707670760070070070070011001001121011221021122122122122122110011221233443443443443443443244344
3,545665665665667667667667667660766077077007007001001001001012101122102112212212212212212212233224434454665432344344344344344344344344344
3,56676676676676676676776707607007700700100100110112112102102102122112211211012234334344344344344344344344344344344344334
3,5665665667667766767767767760770770070070010010010021102112112212212212212210212234434434434434434434434
3,5665665667667667667760760776770770077007001001001001121122112212211211221122322123323445443443344
4,6566556656656656676676607001022432232212212212210070077660760700112212210070077665665667667667710021122322322122122122323344332433244665544345434434432234334
4,66566766756766776760012232232232210070077667700210122322100700700700766576554344557607677667701210221223244344344344344344544344344344344
4,6656676676656656676676670700212312232212321221007007007007007010077667667670010212232232232211007766566766566776770761102232212232233445445443344654434434434434434434434
4,66566766766760701001223223223223221221007007766766544576076766077001122100700776654667760112232232234354434434334455443443234
4,54656656656656656656656607677001211232212232212212212211007700700700700766566566070071012210221210070077667076070010211232232231223344344344344344344344344323434
5,545667607667667667667660071001212233223221007007667665665677600112212210070070070012232443243443443443443233434455654434434434434
5,5667667667667667667667667660760701122322322322322322322321100100700100776676770010122322322100700700700121223243344344344344332334466544344544334
5,5665667667760012232212232212231007007766766070021223221221221007007007007001122334434434432343546654434434334
5,5665667667667667667767600121223223223223221107007007007007665667667667607001221221221007007001212334434434434434434432344
5,566766766766766766070011223223223223221007007001007007665667607600112122322122100700101223344344344544344
6,544554554655656656676676770070102233221121121021011011001007007007700770776760776776776656545654554554454433433432232110010212234334455466566576676677677677007001001101001101210112102212212232332322324332343322433433443344344
6,54454454455445445545654556656670012122122112211011001101001001001007007007707677677667665665565545445445445443224345667667660760010010010011011012112212232232332233233433433433434434434
6,5445544546545565546656676676007700100234432211021001101100110010010010070070077076076776776676656655654455443443322122101122334435565566766076776776007700700700100210110110112211212232232433243343344334434
6,5445445455455655656656607700212211221101101100100100100700707707760766766766766566565545443443232232211223432443454665667667767760070010011011011211221223223223223324334334434
6,5445445544544544554554565455655667667767002233221221011011011001001001001007007700770700770776677665455455455445443433221221223223344566566566766707700700100100101101101122122322332332332343343344334344344344344
7,54566766700700700700700700776676566566566566566544354456676007007007100700700700112233243443443322122122122110070070070010122332344344334434323445544344344344344
7,56670077007007007766566566566566566566553443443443344655667670070070070070070070070070070010070070070012233243534434434434434434454434322122122122122122100700700700700110223322433443443443443443344544344
7,56776700700700776656656656544344344344656677007007007007007001100700700700210223434434433221322122100700770021223233434434434434434
7,566760700760010070070070776676676654454454465667607001071007001007007007100122323344344332231322322322311007001122334434434434434434434
7,656676700700700700700700700766566566565544344556677007007600700211007007007001212344345344344322123212212232211007007001132344344344344344344344344344344
8,5660723
8,65667600700700700700700760011221332334434434434434434
8,556776700700700700700700700700700700101223344344344344344344344344344
8,66770070070070070070070070070070070070070070070010122334434434434434434434434434434434434
8,56677007007700700700700700700700700700223234434434434434434434434434434
9,654566556670077665565545445443443443443443443445656676770070070070070070010021001101121121223223344
9,55466776700700700700707665665665565445544544544544544344344656676670070070010010010010010010011011211221221221322334334434434434434
9,544556676001007677676677667667667667665654455445445445445443443443443443344656607607600700700700700700100100100100110110122322322322322432233223343
9,665667667667667667667667667656655445445445445445443443445667607007007001001001001001001011011221223223223223223223223223223223344
9,5566776766566546656655454454454454454434465466776070070010070010010010010010011011221221221221223223344
10,56677007007007007007007007007007700700700700700700707655455455455455455445545545446545544554465456676600101101100110011001101101107677677677670776077600707100224334332433233233232232211011011011223244344344344324434434434434434434434434434434434434434
10,55667007007007007007700700707654554554554554455465445546545545566070011011011011010210707707707707707707700112233234433433433433433432110110110110110110224334434434434434434434434434434434434
10,54667760700700700700700700700700755455445546544566554554554554554554654554554556676070011011011011001121001100100776776776776776770776077077011223322433433233243233233223211001102101101101101232243443344344344344344344344344344344344
10,5667077007007007007007007007007007007007654554654554554554554546545544554465445545546566766007011011011011011007707767707707707670770776077077077076070022122334334334324334334324334334323432211011011011011011011011223324344344344344344344344344344344344344344
10,5667607007007007007007007007665545545545545545545545545545445455456556554665455654556566770011221121121100110110110110076707707707707760707760700122443324334324433433432211011210011021011011022324344344344344344344344344344344344
11,56677007700700700700700700700700700700700700775667667667667001022322322122122343443443443443443443443443443443344
11,566766700700700700700700766566566766767700211213221223434434434454344344344
11,6677007007007007007007007007667077001122322322122122334324434434434434434434434
11,546677600770070070070070070070070070070077076676676676656677677001021223223223221223344344334434434434434434434434434
11,56677001001007001007007765766566566766070010122322122343344544344
12,54454455454454454454554454554454454455445445445456677007007700700770070070770070776554455445446544544544544544544665667670070070070070070070070070077007007007007007007007007007700221223223434434434434434434434432443443443443443443443311001001100210010010110122334324434433443344344344344321011001002100100110010011001001100100122343344
12,554544554544554454554455454455455445544544554455445445445445544544654455667607707700760700770765545545545545544554455660760070070070070070070070070077007007007007007600700700700700700770070070070011223233443443443443443443443443443443443443443443443244344344334434432210110110011011223223343243344334334331210100100100100110011001100110110010110010011021001001101223224
12,55454454454455455445545545544554566770070070077007007707654554554554554544554565667667700700700700700700700700700700700700700700700700700700122334434434434434434434434434434434433443443443310110110011011001001122332434434434434432443443321002101101002110011001100110010010012123344
12,5544544554455455445545544554554554454654454455454454454667700770077077070070070076075544544654454454454454454454556677070070070070770070070070070070070070070070070070070070070070070011223233443443443443443443443443443443443443443443443443443311010010010021001001100100100112233243344334334433434433443432443443343210011001101210011001101101001101101101001101100223344
12,544544544544544544544544554454454455445445445446567660770770760077607077077076655445545545545546554655465576676607007700700700700700700700700700700700700710070010212233434434434434434434434434434434434434311011021012212233243344334334324433432434322100100100100100100110010011001001001001001001001224344
13,5667707707767077677076770767767077670776077607767076077677076076655445443445656677070070010010700710070010010010010010212232433432433432432332433243324332433243324323343322100700700700700700700212233243443443443443443443454434434
13,556677677076077077076077077077077077077077077007707707765445443443445667660070070010010010122332433443343343343343343343343244334334334323433433433433100100700102234344344344344
13,56677607607707707707707707707707654454344344546656676676007001001224323343343343343343343343343343343343234332110070070012132334334434434454434
13,544544544344566707607707760770770770770770770760707707700760077077077077077544544544544544545566767707001001001001001001001001102233243343343343343343343343343343343343343324433101700100100100223233443
13,544544544544544544544544544565765776770776707760707707607076600760707707700776077007660770770776554454454454454454454454454456677001001001001001001001001001001001212232334323433433433433433433433433433433433433432434334332110010010010010010010010010010010223344
14,544544544544544554455455455654656654554565566766766776677670767767767077076077007707007007007100100100100110110211211221221121221122122122122322323322334323344344344
14,544554465456545544544546655665665667667667767760770760070070010010011001100110110121011211211211221221221223223233233243323433433443344344344
14,5445445455455455465655655654556556656656657667667667667667767767607677076770770076007001001001001001101100110210112101211211211211221211221221221223223223223233243223433433434434434
14,5445445445545545565566544654565565665667667667767767707707700700700100100100110011011011011011211211212212212232232233233433443443344344344344344
14,54454465445544654456554556556556655665665667667667667766077607677076070070010010010011011011211221122122122132232232233233233433433443343344344344344
15,656656676676676676677677677670770770070010110112112112212212112100700700700112233443443443443443443443344
15,54554576656676676676677667766770077001100102101101211011210211221121122112211221700700700700100224334434434434434434434434434
15,65566566566566566567660776077607700700700100101211211211211221007007007007007007001223344344344344344344344344344344344344331223344
15,65665667667667767707700700100100110110210121221102210110170070070070022343443443443443443443443443443443344
15,54455665667667667677676677667767076007001001001101121021121021221221221100700700700700223443443344344344544544344
16,544544544544545545565565665667667667667767767707707700700100100100110011011001077076077077677077070011223323433433221011221121221223223234323433443344344344344
16,5445445445445455445455455443324456656656656656676676676676776677677660776077070070070010010010010011001100110110211007007760770760700112233234334323343324324334332122122122122122122322322322323322332343243243344344344
16,5445445445445654554556656676676676676676776677677677077076007007001001100110010070770776070071132233234334334332121121223223323432334334434434434434434
16,544556656656676676676676677677677607767707001002100100101101002110110121101707707707707700122334323433433432211221221223223223322332432433434434434
16,544544554456556566556656676676676676677660766776677677677607767077077007001001100110121121107077076770770701213233432434323433433221221221221223223223223323323324334323433433433443344334434
17,5456556656766766766766776776776070770770070011011021121177667766766776677667607677667677070011223223323322432332332322323323322322322322100700700700700122323343443443443443443443443443443443223233434
17,665566766766776677676677677077070021010221121121221022112211211210776076607667767766776766767767667767667660770700102232233233223233224323322332233233223324322100700100700102234334434434434433244
17,65566566566766766776677670770700700700100110112211210776676676676676676676007010122322322322322322322322332232100700700102122343243344344344344344344344344344344322112244344
17,5665667667667677607760077007001001001011210211210776677667607660776676776677667767760021223323324322332332233223322332232232210070076007001022334434434434434434434434434434332232434
17,5565566566566566766766776677677607700700100112112212102107766776677677677677677677667700102123322343233233223322332322332322322100701070070070070102102233233443443443443443443443443443443443324
18,56656676676656656656655443323323223223223223322332334324343344665566556556656656677010122112212211211210077607767766766766766766767766770776607077007001102112212212212212232232334
18,545545545565566566566766776677070022332232212211210211011007700776676656656676676076770770770070011001101121221221223223344546656766566554434433433223221221221223223223322334324324344334434
18,54665665665665665655454334323323243223224322332332332332443343244354655665665665667607101232212212211077077677667767766776677667767076770700707101101211212212212212212212212232434
18,566566766766766566566556554554433432212232232233223343243343445445546556656656676676701022322321221221221211221012100210076077677665667667667767760770770070010010112112211221223223223221223223324
18,546656656656656656656656556554554434324323322322322122322332233234334344344544545545654556556655656656656676676677677010223322322322122122121121101101007007707667667665667667667677667076700100210121121122122122122122122122112232334
19,556556656655665665665665665665665667667677070010223223221221221766770070070070070070070070070070070070070077110223344344344344344344344344344344334434467667700700700700700700700700700700700700700771122334434434434434434434434434434433443447667700700700700700700700700700700700700700771223434434434434434434434434434434433443446670070070070070070070070070070070070070077224344344344344344344344344344344334434466007007007007007007007007007007007007007234434434
19,65466766566076700711223223221221221007007007007007102234334434434434434434432232232243344
19,556656656656656656676676070121223221221007007007007007007007700700112233434434434434434434434434433221221221221223344
19,665665665665665667667667760022322322322100700700700700700700700112233443443443443443443443322122122122324
19,5655665665665665665667667667667667667607001223223223223223223221070070070070070070070070077021021223324344344344344344344344322122122122122112212243344
20,5457667766001007007007007007007007707760776676655455445445445445443443443544667700700100100100100100100110011011221223223223322334334334432443443443344344344
20,5446566760070070076007007707707707707767667667665665665565565545545545445445445443443443443443443445656676770070070070070010010010110010110110210211212212212232232232233243343343344344344344344344344
20,54454454454454456676707700100100100770070070770770767707676077667667665665454454454455445445443443445566766700700700700100100100100100100100110112112112212232232232233243243224334334434434434
20,56677007007007007007007670076077076776676655455445445445544544544344354466776070010010010010010010110010010221122322322332343323433432343343344324434434434434434
20,65667700700700700700700770077077677665545544545545544554454454454434434434434434455667767007007007007001001001001001100110110211212212232243223324323343343343344334434434434434434
21,6677077077077007007007700700707754454454454455445446544544544544556676776070010010010010011001001001001001001001001001121322332344344344344344324434433443443344334433443343344
21,5667077077070077077007700700770070077554455445445455445445544654454454454454454454455667767001001101001001001001001001001001001001100110010010011001100100212234434434434434433443443433443443344334334324343343344
21,656676607007007007007007007007007007754455455445544544544544544544544556676076001001001001100100100110011001102100100211223343443443344344344344344344344344344344344
21,56677670760770770770770770077077554544545545445445445445445466576670010010010010010010010010110100100102122322334334432434334434334433434434334334432343223443344
21,566766707707007007007007007700707700765545544554455455454454455445445445544544556676770010010010010210010011010011011011001011221233233443443433443443443443443443443443443443344
22,55667677670070070070070070070077007007707765545545546545544554455667760070010010070070070076077077665565546544544554454454454454454656766700770010010010010010010010011001101102112232332243344334433210110110112212232243343344334434433443443443443443344
22,6670770077007007700770077007700700700770070070077007655446544654454454454454456670760070070070770077077077077655455445445445445445445445445445445445445445544554456567700100100100100100100100100100100100110010011221232233433433433433434432433211010011011011223343443433434434433443443443443443443344344344344334434
22,5667767007700770070077007007007755445445445445544544544556677600700700707707665445544544544544544544544544544544556670010010010010010010010010010010011001101211223323433433443432434434332100100100110010121322324334433443344344344344344344344334434
22,6677077007607007700700700770776545445545445446544544566567700700700700700700700700770776554455445445445445445445445445445445445446670700100100100100100100100100100100100100100110112232334332433443344344321101001101001102233234433443344344334434433443343324344
22,566076700770070070070070077007007007007007007765545545445445445667760700700700707700707766544554454454454454454454454454454454454456677001001001001001001001001001001001001001101232343343343344334332100110011011012122332344344334434434434434434433443443443443344344334344334
23,54566545565565545565545565545655454344324334334324334324332334324465667767760776707707707607766545565456556556545566545565545655655456556554655667700121121011211221011211011211211211012101211007707600770770770767707607767707011223322433432434324323433433221210210121121011211211221322334
23,554554554554554465455455455455453432433432433433433433432443343344656670770770076707707707707766554554654554554554554654655455465667070010110210110110210102110110211011021011010770770770766070770760760767707607701002122332334334332433432434323343243343322101102101101101101101101101101100112123344
23,6607607607677607767766760776654655455465545565455455654556546545565456556566760012112102110221101121011011077077077077607767760776776770012233432332343233433433433211011011011021001001001122433445445445545544554554554544343223433233233234332233243223344
23,566770767760776077607655654556545565456556677011210121102112101121101177076776077076770767700223343323433432334323211011011210112233446554554554554554332433234324324323343233434
23,667607677607677677607767077665545545545545545545545545545545546656677001021102101101101102101101101101107707677076770776707707700122343343323433432433211011011011022132233446554554554554554565455433233243243233233234324
24,565767767076077077077007707707607077077654454454454454454454454454566766070010010011001001001001001001001007007007007007007007007001022322432443443443443443443433434544343344334334334334334334324324344
24,566776076070760770770770770770077007007600700700707665455455455446545545544554654454654454554454554546656770010021011001101100100110011001100110110010110110070070070070070070070102122322344344344344344344344344343344344344344344324433443443344334334334433432343343324
24,6566767707707707707707707707607766554454454455455455667660012100101101001002100100100100100107007007007007007007007007100221323343443443443443443443443443443343343343343343343243343343344
24,6656767767076770770767070076077077077554554544545544554454466567667700110011011011001001100100700700700700700700700212232243443443443443443443443344344334434433433433433432432343324332334
24,667677077077077077007670770076077077077076545545544554554554554554465445544544556677077001001001101101101101100210110011011011011007007007007007007007007700700700102212233443443443443443443443443443443443343344334324432443343343343343244332334
25,55665665665665667667667667070011011001121011002110121101121011011766766766767700700212232232232212212234324455655465565565545565455465455455455443322122122122122433434
25,56656656656656676676670011221121121121011021101101211002110012110211011011011011011076677600112123223223212232233445545545545545546554554554554655465545546554655455323123221221221223344
25,54654565565565565565565565465456554544332322322122122122122122323454566566566566566766766766767700101102101121021102210112211211211210112110221017667665667667667667667760012232232232212231223223223223433
25,556656656656656656676676677677001101101211011211012102112110211021021101076656676676607700112232232232212212233244345455465545546554556546546545565565455654432212212212212212234
25,66766766767700211211011210112100210121010210211011011021101102110121100211776676676676676676676076070011223223223223223223223445546545545545654546554565455456545545545546545543223221223223324
26,544544565445565456556556656676776776654454434434432332231221101121012233445455456556656676677607607076007007001001122332211221221221223223322343243344344
26,54454655455655655665665667667677670755445445445443443343232232212212112110221232234465565566767766770077007001001001001001002212212212212212232232332434434
26,5445445546654565566566765445344344343233221122112100101122334455446556556566566566766766077077007007001001122110122122122322322322324334434
26,545545565546656676676676554454344332210212211211223324455665566566566766767767700100700100100223434432212212233233434
26,554556556656656676676677076707700700700700700110010012232433445443211221122122122322323344344544544554455455665566566776544334332322122122112112234
27,566770070070070070077566566567667667767767760770070011210112212212212332432122323344344344344344344344344344344
27,55670700700700700700700700700766566766770770070010021210211221221221223223344332344344344344344344344344334
27,66767707007007007007007007007007007007007665466566766076677677007001001101211221221223443344344344344334434434434434434434434434434434434
27,656677070070070070070070076656677677677007001101122122345453344344344344344344344344344344344
27,55667760070070077007007765667677667677607707007001001002100210112112211221223343232434434434434434434434434434434434434434434
28,5445544554455465455654655665677011221221121011011001007767766766766766566766760011212232232232233233443244344
28,54554565465565566076070021121121011011010010017007766766766770012232232232332233233433434
28,5445445544554566546656677002211211010010076077676676656670012122122322322322332334334
28,54455455655655656656766070012112211211012101001007767766766776677001212232232232232233434
28,5445445445544554654556556656676670011221100210010010700770776776676070022122322332243343344
29,544544554455455655665665544344345465677660077007007007007007007007001022122322443244322101212212232232233244344
29,5455446556556566566766566553443443443443443544566707700700700700700700700700700700112232243344332212210212212232334334434
29,54455665667665665655443443445566776007007007007700112324334344344321010021021122122322323324334434434
29,545545546655665665667667667765443443445566770700700700700700700700701022123234334434432210221121223223322334324334434
29,544544554565546655656656656676553443445445667700700700100700700700223224343221221223223223323343344
30,544546544556556566766076776007001001100110211221776676676677001121122322322322322322332434324
30,5445445545545655656676677670070010010011011211212233210770776677676676676676676676670021223223223223223233234334434
30,544554455455465565667677670767001001101121102217766766776776002122122322322332332233432434334
30,54454454455455455665665667667667700110011011011011001101102101776766766766766776001122322322322322332232334344344
30,5445546556556566566566566766767707700100100210112112211221223221700770776676676676677600701223223223324334324344344
31,655344544544544554455455456566566766767707700700113224334323321101001100100100100776676676677002112232231100700700700700700700221232234344344344344344344344344344324
31,54454454455445445545465465667670012233221121101101100100100100766766566760077010221007007007007007007007007002123324334433443443244344344344343
31,5566566554454454454454454654456556676076770766007002132233221011010010010010077665660770022122122110700700700700700700700700700212233443443443443443443443443443122343244
31,56654454454454454454454454554554655667607670022332210110011001001001001001776766766760021223223221100100700701002243344344544332234
31,5665445445445445546655667766707760022101001001001001007667700223221100700700700700122334434434434434433223434
32,566766766566566566556545544544544544544331212232233443445445445455466566766076700121076677007007001001001001001100110110211221221223223223434
32,6656655445443221122334454455445445546556677077670070070010010011010221221221223221223223434
32,556676676676656656545544544344321002112233234433244344344345445455465466566766076770077077007007007007007001001001001121122112212232232233233
32,566766765665565465544544544322112122322322332243344344544544655654665667667766070070010010011021012112211223344
32,5566567667665665545544544544344321221221322324324434454454465445545655667766770071007001007001001011012212234
33,54466707600110070070070070070070070076654455455665665667667667700700100122443445445443322110011001002100100122323344344344344344344344334434434434434434434
33,566707007007007007007756656656676676677077007007007007012232434434433223212212210110070070070070021122324344344344344344344344344344344
33,54667767700700700700700775544565566566766766760767700760070070011223344344344344334332210110010070071001224344344344344344344344344344334434434434434434434
33,5466767007007007007007007007007007755456556566566566766707607001001002233445445433221221121021100100100102232232434434434434434434434434434434434434433
33,55660760070070070070070070766556656656676676776770010070010223344544322122101121007007007007002122322443443443443443443443443443344
34,5445667677007101223322433
34,66707700212322334
34,665667667001223224334
34,54566770070122322332434
34,667007007007007007007001022322324344344344344
35,54567700770776677665565545445445445443443443446676770070070070010010010011021221223223223322432334434
35,5465667667667665665545445445445443445665667707001001001001100121221223223223344
35,565466770070770776675665544544544544566770070010010010010221122332243324334334334
35,6556670010776676656656556546554454454454434434456576076007700700700100100100100100102112212232232232334
35,5667667667667665445445445445445443443445667607700100100100100102122122322332232232232232344
36,5766767700700700700700700700700765545545544554554554565766776001101101101100707707767077667760012233243233433234332211011021122343344344344344344344344344344
36,66770070070070070070755465455455455455455667700112107707707707700122323433433221011011011012112332234434434434434434434
36,556677007007007007007007007007007007554554455455455455454655465667767001101210110070070077077077677001122322334323433432434433110110011002100110112122334344344344344344344344344344344344344
36,56670070070070070070070070076554554554554455455455455455667007101100210110110110110017077077076770022334323343211011212324334434434434434434434434434
36,667007007007007007655455454655455455455465566760700112110110110110077077077001212233433433432211001102101223344344344344344
37,6566776076007007007007007007007007007007007001122432344344344344344344344344344344344344344
37,65667670070010070070070070077007007007007001122334434434434434434434434434434
37,6677007007007007007007007007007007007007001223344334434434434434434434434434434
37,56670770770700700700700700700700700700700700710122432334434434434434434434434434434434434434434
37,566770071007007007700700112243344344344344344
38,544554556656656676676607607765546556676677670770070070100212243443443443443223221121010010011007001021223234434434433221021001001001007001022344344
38,545565665667766756656676676076770760070070070070011213322343443443443433232211007002122324344344322332211221010010012232334
38,554655667677667767607665455665665667667667766007677077007007007002122432434454434434323322322110010011001001122324334454432343322322110100100700700700700122334344344344344
38,54454454455665665667667667767760770765544554465566566766770770070070077007007001002233443443443443443343232212211011010010010010010010012233443443443433432332211001001001001001001223324
38,544544544544554556546566566766767766776765667667767767760770070070010070101223243443445445443443322332210211001001001001122332334454454454454433232211011001001001001001123323344
39,5445445445545566566766766776770070070070010010070010122343443454433433232211211001001007007002234334434
39,54454454556656656676676677670770070070070011223234434434432332212212210110010010022334434
39,54454455455665665667667677676076677076700700100100112232334454454454454434432332232212211221102101100100122344344
39,6676075665665667667667767007100700701012233244343323212212211001001001022334434434434
39,5445545665667667667677670767077007700100700100100100122332344544544544334323322322121101001001007012132334434
40,667002244
40,544554554544565565665667667667667667767707700700100110011021101221223223323433243432443344344
40,5455445445466556656676677677667077677007007001710100100211011221122122122322323323243343344
40,5445445445546556655667760770770011001011012101122112213221322322332334324334434
40,54456556656656656676676676776770010010010010110121011221221223223223324334334434434
41,54454454454454565566766776770770011012110112102112132321001007007007007001223234334434434434434
41,544544544544544565455665566566766707700700100100102112112112102210070010011223344344344
41,55466566566766766770011021122110211221012110070070070070070070070021223432443443443443443443443443443443443443344
41,544554665667667667707707001001102101211221122122100700700700700700700223344344344344344344344344344
41,554566566566566766767760707700100210011021021122122100700121323344344344344
42,5445446545566776676676700100100100177667667667667667700112232232232232232232121101101210212232433443445446556656655445445443212232233243344344344
42,5465456656655445445445443221122334334344544544554565565466076007700700100100100100176676676676676676676676770011223223223223221210010011001101122334334334434
42,544554556656656676676677070070070010017076676676607010212232210100100122323322343343344556656654454431211223223224332434434
42,544544546545566766766760070010070010776676676676676676676676676677002213223223223223223223223223100100123223432343343344665667665445443121021121223223343244344
42,5445545546566566766776545667607760010070076676676676607011022132232232210110221232233243344556656656544534433122122322334334434
43,656656676676676677001122322322322110070070070122334334434434434
43,54454454454454455667667667667667667667700112231322322322322110010010010010070010223344344
43,5466766766766766766766766766766776070110122322322322322322322322100100100223224454434
43,5466766766766766766766766776070021223223223223223221001007007007001223224334434434434
43,544544544667766766766766766770010223223223223223221001001001001223244
44,65665665665665544332232233445565566556556656654667001221221221121122101776676676677667077001101221221221221221221322334
44,665665665344322332233243344554665565566566070022122112112110076776776770070012102122122122322322344
44,56656656554453443323323323223233223323324324344556546556655665665667700212232212112101076776776760766770076700700100210112212212212232434
44,6676656656656654433234334344545565667660700223322110110770760776770770070070021121221221221223344
44,554566546556656656677670012212212212210110077607607677077607607001101221122322432345565766565543343234332433434
45,56656654454456677001007765660071122110010070776655654667070012211221221223323343443244544322132234434
45,5465665544344566767700700766707600122122100700707665566556677667001122112212232432434433443443322332343
45,5466554454454455445446566077001001001001007765665667667700221221221221100700700770076077677665665566007700112122122322332322323432334334334434434432333
45,66544544566700100776676576676677002232211007766556670771022122322332233433434453443223324
45,655665544344544566776700110010070076656656656677001122122122107007007766756656677071012212232233233234432443443223344
46,56677001007007766556654454554454454454434434456677007001002100100110112212213223223243343344334434434434434
46,5677677007007007765655454454454434455667667670070010011001001011212232332334434434434
46,0
46,54456677001007007077070077667665455445443446566766007007001001021102213223323323343344344344344
46,544566007670010070077077665456545544544344566770010010010021011012101122323323433243343343344344344
47,566566776070760070077007665445445445445445445445445566760700100100100100100100100100100100212334334324433443344
47,65566770770700770770077007675545445445445445445445445456656770010010010010010010010010011007110022332433433433443343344334433443344
47,54466770767707707707700767070077077554455455455455445545545545544554454465667707010210011011011001100110210011011001001100100100122334334433434433433433433233444
47,6656677007607077070070770776554544544544554454454454454466567667070010010010010010011001001001100100112233244344344334433433434
47,5667760770077007700776654554554544654455454454456670767011001001100110021001102100101100100212232243343344334433433443343343344
48,557667007007007007007766554544544544544565667670070070070070076077665445544544544544554667607001001001001001001011223243233433110110112112232233432443344344343
48,55667767700700707707754546544544544544544544656676607007007007670776554554455445445566776700100100100110110110112232233433110100102101122132233433443343443344344
48,544566766707007700700700707700767765544544544346556677600700700700707707707767665544544544544544344344566707700700100100100100110121122122323323343321001001102211223223343234334344344344344
48,566770010070077007675545544544544543455667700700707707667565454454454454456566767001001001001001122322324323243243210210011021223243234334434434434
48,656676700700770070077077675665544544544566776070070070070076007077676656544554454454455667700100100100100102112232433110011221223223324334334344343344344
49,546677670776077667565545654556676607701011211011011707707707607001213223344334332210110110112232334454554565454434322433434
49,667707670776756554556656767700112101100770770021223224334331102243554655455434334334334
49,556677667076707766554565545654566700100121101211021101007760776070012232334332110110110223344554554465544332432332344
49,56545565455443344334334456676077077556655456545655466077600102210112102110077076077002212232233433432321101223244
49,5566776654554655466566770011210112101100770767760021132334332110110122132233445465455443344
50,65667667665665456544544544322112233233434433443445445466077001007707007667665655455455454434546676700700700700100110110121121122322322334
50,6556676676656655445445443211022332332443344344566776070070077077665545465455445445445466566766070070100100100110221221221232232232334
50,6566766766766554454454454454432232233243344345445546576770010070077007766765544544545667760070010010010010010211211221221232232232233223244
50,5665676656656655655455445443221223323343344344656670070100707707767766554554466007007001700700100100100100101210112122122122122322334
50,556676656654554432122322332234323433434456670701001007007707766554654544544565677001002112212232344
51,5455456545565545565545544322122122434454665665665667667667700100110011021121011210110776677001122322322432344
51,5665665667667670012110112110210107667667700112232243243445445456545565546545532212212232344
51,65665665665667667677001101211211210176676676676677670012232232232232232232344356556554565565565545544323221221221223344
51,556566766770100210121101101101776676770012232232232232243344546546554654565455465544322322122432344
51,5667600710110121011011776676676670022322322344556556545565455432212232434
52,6677007007007007007007001223344344344344344
52,660770070070070070070070012334434434434434434
52,56677600700700700700700700700700223234434434434434434434434434434
52,5657677007007007001070077001022334434434434
52,5445667600700100700700102233434
53,556656656676676677076001710010010011011007667667667667607101101223223223223223223324465565545545544554454432232212212212110112234
53,5445445654565565665566566776677670770010010010011007667667667667667667667700122322322322322322322122343545655655654554554544544544544322112110110100101223244
53,5565566566766760767700100110011021010766766766700122132232212233445565546545545545445443322112110223344
53,5445445465566776707700710010010010011011076676676676676676776700223223223223223223243455465455455455454454454454454433221211010010122432344
53,5445566766767077002100110110112110766766766077070011322322322322322322332434556545545545544323221221101100112332344
54,5455456556677660776770011011021021100766776770011021021121221221223233434456655655655443343323323323323323344556655655454433232232232212212210110221334
54,5455665665665654655455443322322322322322332334456566566566566566565565465443323322322322122122332446556566566766767767767760700700101101102210211221177667767767700700100112112122122122333
54,544554565565665667667766700770070010011776676676677660770770077001122122122122122122122110223234434455665665665665665655655443443432243323221221122324324455665665545544544332211211010022333
54,556556656676676676776770010010121077667766776770070010011221122112212212211221221223243344556566565566556566566566565566545544332322332232232212243344655665665655454432433223322322122122110223344
54,554556546566566567667667760700121021021121177076607700700700100112212212232212212212234344566556656656655443233243233233243344566566554432211211223
55,5445545544554454554544554454456676007001001001100110110110110077676676676656655445445445445445445566766707001001001007007170070010223343443443322322323322322332434
55,5445544554454454454465667700100100100100100110011007665544344544546676670701001007007007007002122334434434433223434
55,554554554544544544544544544544544566707700100100100100100100100100210010110170766766566566566544534434454656760767007007700700700700102233224434434434434434432212212232232233223343344
55,544554454454454454454465660760700100100100100110776676656676755445434544660770010070070011223343443443443223223223223224334
55,54554554654455455445667707001021100110011002101776676676654454454454454466770071001001001001001001002232434454454332232232232232232232232233434
56,5665665665667667667670022322322122110070070070077656656676677667760776007007001071010210121121221221221223454656656676566566566566565456654454433443323323223223223221221221122344334434434434434434434432232233244
56,5445665660776766766766766766766766766770011232233223322322322322110070070010010076654656655665665667667667667670776007700110010011212212212232232212233223445456676676656655655455454454434433232232210221122102233443445443344
56,5667667667667760700221122322322322322122322100776700700700766566566766766776707677077007001021122122122322322322322332233455667667667667667665665545443443343324322322122112112211223244332244344344334434434
56,55665667667667667667667667660760012232232232232232232217007007001007007665667667667677677607007007100112211221221221223323445566566566545533433223221221221021223244544344344322334
56,654667667667667667667667660770122322322322322322100700700700700700707656655654667667767707007600101102112112212211221221223223244566566566566566556554433233221221122122334324344344344344334434434
57,54454454454454455446556677001121011001001001001007665565667667700100100110110112112122322332334334334344344344344344543
57,544544344544544544544554455455654656670012102211011011010010010076656676676677670770010011011223323322433433224
57,544544544544544544554554556676070102210011010010011001001001007007765565566776700701002100100110211210221223224322332343243343344344344344344
57,54454454454454455667001011010010010010011001007075655665667667700701001102101121221223223223243323343343344344344
57,54455445545655665676770021232110110100100100100766566766766776700100210112110221223223323343443433432234434
58,5565456566556655665665665665665667660700100100100100100100100100100100100100100100100100110223344544544544544544544544544544544544544544544544544322122122112211211223344
58,545665665665665665667767001001100100100100100110010010011001001001100100100102234344544544544544544544554454454454454455445445445544544533221312212212212210221223344
58,56656656656656656656656656670760010010010010010010010010010010010010010010223224334454454454454454454454454454454454454454432212212212212232344
58,5665665665665667760010010010010010010010010010010010022122323445445445445445445445445445445445445445445323122122122122334
58,55665665667707001011010010010010010010010010012132233443544544544544544544544544543322122122122324334
59,54456554665655656656676676776070010010011001001001007007001001001011021102212212232232233233433443344344344544554432332233434
59,5455455665665665667667667766077007001002100100170770070010011211211221221223223233433243443445445455465543323323344
59,554654655665665665665667667667667767707700100100100100210076770767070010010010011001122122122322322332243324343343344344544554454454454433233233434
59,54554554554454432433434456556566566766766776607677007001001011011077070070010011011221223223223322334334434
59,5445445455455443344565565566566766767766776076077001107077070010011011011022112211223223223243322434324344344
60,556566566566566566565565545544332213223233223234324324454465456556656676676677677077070070010010110112210212212212212212211223344
60,55665665665665566556655465545545544544332232332324324344545545565566567667607677077077001001001011001001101101101121121121122112112212212232434
60,65566556655655655455455443223223324334455665667667076670770700700100100100210102101121011211221121122122121122334
60,556656656656656656655665565545331323223243323432443443454454556556677607700700100100110110211221122122122122101223344
60,5566556566566566566556655466544544544544311223223322323324323443445445566776677677076770070010010010110122112212212212212212212212112234324
61,544544545544554465545565566567660767077077007707007007007001001001001001101122122122322332343344324344344344344
61,5445545655665665667667607677077077077007007007007007001001001001001011011011223233243344334434434434434454434434334
61,54454465566566766776677076077007007007007007001001001001100100101100101101121122332334334344344344344344344344344344344
61,544554455455655665667677677077077007007001001002100110121012211223323324334334434
61,544544544533244554665566566766766776677660770767077007700100102100110110210110122112212232233443443244344344344344344
62,55665665665665544544545544543322122122322343446656656656656656655445445544544544544544556566767700100110011001001011010010010076654544544544544544545566770010011001001001077667707710212232211011001001007665665667667760701001221221221221001001001001001001001224434454454454454432212210010010010010010022334454454332212232334
62,5455455445544322334466756554455455455443223322334345566766766766766554554544566707701001101101107767667665545545544554665766077001101100110760770012232211210010110107766766767707100223322322322321101101101101102122334454554554554554554454332232232232211011010011011021012122333
62,55665445443221223234456566566554455445445445445445667700110021001001100100210010076655454454455445445445544544545660770011001001107667667766700122322322110010077566766776600223212210010010010010010010022334454454454432213221100100100100100212234454454454454454332232244
62,55665665665445445443221223354565665665665654455445445445445445566700701001001001021001001011010010076676554544544544544544544556657607701101001001001001007667070102122322322110010076656676677007102211001001001001001001212233445445445445443221221101001001100100100100100112233244544544544544533223434
62,566544544544544544322332344566756655445445445445445455667677001011001001100100766544544554454454454465466776001001001001100766766707001122322100100100100110077667667766070112232232122101001001001001223445445445445445443322121001001001001001001001223234454454454454454455445433223223344
63,556566566566766707600212232232212212212232334
63,54656670760700122324343
63,656656656656656656656656656656676007600112232212212212212212212212212212232244334
63,55465665665665660700122122433
63,5456656656656656670766071011212212212232234
64,724
64,655667660700760070070070010012132233434544344344344344324
64,55667707007007007007007007007007007007700221223224344344344344344344344344344344344
64,6677070070070070070070012232344344344344344344344
64,5466770770070070070070070070070070070070021123223344344344344344344344344344344344344
65,5565565566566566566576676676677077007001001001001001001001001007001011223324344544544544544544544544544544544334323322322122122112234
65,5445544655655665667667767767077007007001001001001101101101001002212232334454454454455455455445545544544334332233233221221121101100122322344
65,56554656556656656656676676607767077600700100101101101101100100100100700700700122334434434434454454654454455455455445445443322322122122121121012212234
65,5455465565665566566566766766767767767077007001001101101101100100700122433443443445445445545545545655455455454434332433232232232212212212102210211001022324434
65,55455654665665665667667667766007700700110010010010011001001001007007100122332334434434454454455445544554454454454454454434433433223322122122121121101123224
66,544544545545544655456556670011211021011001001001007007700700700770760760760767760776776770012232332332343233433432443344344324434434434
66,544544545544545546546545565566700121121101101101100100110010070070077007707607767707677677076677677677070012233243243323243323323324332334433443344344344
66,54454454454454455455455455455466770011011011001011010010010010710010077007007007707767766766760767766007001223223323223233223343233433434434434
66,544544544654556656767001121101100100100100700700700700770770770767766766767711012233223233243343343343344344344
66,5445445445445455454654556556677600210211011011001001001001001007007007700770770077077077077677677667700122332332234332433433433443344344344344344
67,5566767707670770770770770770070077077007007700700700700700700700700100100100100110123344344544544544544544544344344344344344344344334434334344343343344334334334323324343
67,5445676677677077077077070070070070070010010010010010010010011011212243223344554554554465445445445445445443443443443433433433223233233
67,667707607077077077070070070070070070010010010010221223324334544544544544544344344344334433443343343343343344344
67,566776776776770767077607700770070010010010011001001100100221322343445445445545445445544544544544544344344334324332332324323324344
67,5667767766776077077077007007007007001001001001001001001001001001101123345445445445445445544544544544544544344344344334334324332343233223344
68,54566707700700700700700100132234434434434433443243444
68,5566776076070070077007001012233443443443344344344
68,566770760700700700212233443443443432344
68,66707600707700700122324344344324344
68,546576707760077007010012233443443443244334334
