0,54545454545454545454545454345465454545454545454546545454545454545454545454567670707076070707070707070707070707070707070707070707070707070712123234343434343432323212101010101010101010101012121234
0,545454654545454545454545454545454545454545454545454545454545454545454545454545454546567670707070707070707070707070707070707070707070707070707070707070701012323432434343434343434323212121210101010101010101010101010234
0,545454545454545434656545454545454545454545454545454565767070707070707070707070707070707070707070707012123232434343434343232121010101010101010101012124324
0,5454545454543456565454545454545454545454545465454545456576707070707070707070707070707070701070707021232434343434343232321010101010101010101234
0,545454545454543234343565454545454545454545454545454545656767070707070707070707070707070707070701232434343432312101010101010101021232324
1,65656565656567676767676767607670707010101210767676767676070707071010101012101212121021212121212121212121232345434343434343434343123234
1,56565656565656767676076767607070707021010101010107676767676767676767670707070701010101212121212121212121212343465434343434345434323234
1,565656565676767676767670760707070701010210107676767607676767070707010101012121212121212123232432434343434343434343234
1,5654656567676767670760707010101010767676070707010101021210212121212123454343432434
1,565456565656767676760767070707070101010176767676707010101010121021212121212121212123234343234343434343434
2,6545454545456545656565676767602123232121212101010101010107070707076076767676765656567607010212321212323232323434343434
2,54545454545454545454565456565656565656567607670123212121021210210121010101010101010101017070707070767676767676767656565676070212123121232323232323232323243434343243434
2,5454545454654565456565465656767670123212121021010101010707070707076760767676567601212323232323232323432434343434343434
2,5454545656565656707012121212101010107070707670767676767676012123232323232323232343434343434
2,545454545465454565456565656565656070121212121210210101010107076076767676767676767670707012123232323232323232343232343434343434
3,5656567676767676707670707607070707010101010212121212121212101212323434343434343434
3,545656565676767676767676767676070707070707010101010101010101212121212121212121232434546543434343434343434343434
3,56565676767676767676767670760707070101010121212121210212101234343434343434343434343434343
3,56565676767676767676767670707070707070101010210121021212121212121212121212343434343434343434
3,54565656567676767676767670767070707070701010101010121212121212121212121023232123234345434543432343
4,6565656565656565676767607012323212121210707657607607012121210707656567656767607101212323212121232343234324656543434323434
4,65676767676010121232323232132107076767070123232123212107070707656543465760767676707012121232324343534343434543434343434
4,656767676565676567657676707021231232121070707070701070765676767676707012323232107656765676707602102321232323454543434345434343434343434
4,656767676767670101232323232312107071767654576076760760121210701070765467607601012323232343543434324543434323234
4,5465656565656565656567012123212321212121070707070765656707010121021210707076707012123232312132323434343434343543434323434
5,54567676767676760710212432321070767656567607601212107070707012324324343434343234565434343434
5,56767676767676767670101232323232323232101701076767601213232321070707012123234343434343234654345434
5,56565676023212321210710707656760702123121210707071070701021232434343434354654343432434
5,656767676767676760121232323232170707070765676767607012121210707070121234343434343434
5,54676576767676767607012323232323210707010707656760760212123212107010123243454343454343
6,54545454546546545656565656567676070102323212121212101010101070707070707076767607676765654545454545434343432323210121214343243454656567676767676070707010101010121012102121232323232323432323432434343434343434
6,5454545454545454545456565656565670212121212121210210101010101010107070707070707607076767676765656545454545454324345456767570760101010101012121232323243234343434343434343434
6,545454545454545454654565456567676076010234321021010210101010101070707070707076767676565465454343432321212343465656567607676070707070101010121212323232323232324324343434343434
6,5454545454545454565656565670212121210101010101010707070707076767676765656565454545434343232321234345465676767676070707070101010101212123232323232432432432434343434343434
6,5454545454545454565456565676076702323212101010101010101010107076070707070707676765465454545454343212123232456565676767670707010101010101021010212323232323434343434343434343434
7,56767070707070707675656565656543453454567676070707010707070121323234343434323212121210707070123234343434323454534343434
7,56707070707076565656565656543434343456567670707070707070707070707010107070702432434343434343454343212121212121070707070102323234343434343434345434
7,65607670707070765656545343434567070707070707070107070707101232343434323212321210707070210232343434343434
7,5676070707076017070707676765454546567607010701070107070701012343432323123232321070123234343434343434
7,65670707070707070707656565654543543456070707076707021070707012123234343432121232107070701021232324343434343434343434
8,670234
8,6567676070107070707070707012123234343434343434
8,567676707070707070707070707010213234343434343434343434
8,656767070707070707070707070707070707012343434343434343434343434
8,565670707070707070707070707071023434343243434343434
9,6545656567070767656565654545454343434343434567070707070707010102101012121212123232324
9,5456767070707070765656565656545454545454543434656767070707010701010101010101010101212121212121212323243434343434
9,54546760107676767676767676765654545454545454343434343434560760760707070710707010101010101010123232323232324323232323432434
9,567676767676767676765654545454545454543434567070707017010101010101021021212123232323232323232323234
9,56560767676565656546545454545454543456760707010101010101010102121212121232323234
10,670707070707070707070707070707070707654545454545454545454545454545454545465456567676010101010101010101010210101076767676767076076070710234343232323232101010101012323434343434324343434343434343434343434343434
10,56707070707070707070765454545454654545454545456701010101021010210101707070707070701213232343434343434310101010210101010101024324343434343434343434343434
10,567670707070707070707070754545454545465454545454545465454545465657676070701010101010101010767676760767607670767070701212324343232323232321010121010101010123234343434343434343434343434
10,56707070707070707070707076545454654545454545454545454545454545454546567607010101010101010101010107076076707070767070760707070760702102323234343432434343243434323210102101010101012323434343434343434343434343434
10,56760707070707070707654545454545454545454546545654656546546545670102102121210101010210101070767070760707070767070760702434343432434343432101210101010210102324343434343434343434343434
11,60707070707070707070707070707567676576767010232321212343434343434343434343434343434
11,567670707070707076565676767021232123434343434543434
11,676070707070707070707670701232123434343434343434
11,54676070707070707070707070707676767656567607012123232321234343434343434343434343434
11,56760701010701070707567656567670701012321234345434
12,5454545454545454545454545454545454545454545454545454546707070707070760707070707070707076546545454545465454545454545454656707070707070707070707070707070707070707070702123234343434343434343432434343434343431010101010101010101010101232434343434343434343434343434343434321010101021010101010101010101010101010101010102434343
12,65454545454545454545454545454545454545454545454545454545454545454545456767670707070707070707070707654545454545454545454545456707070707070707070707076070707070707070707070707607070707012323234343434343434343434343434343434343434343434343210101010101010101010123234343434343434343434321010101010101010101010101010101010101010101010101021010101010101212324
12,54545454545454545454545454545454545465454545454545456707070707070707070707076545465454545454545456567670707070707070707070707070707070707070707070123234343434343434343434343434343434321010101010210101010101010212324343434343434324343434310210101010102101010101010101010101010101232434
12,54545454545454545454545454545454545454546545454545454545454670707070707070707070707070707070707075454546545454545454545454545670707070707070760707070707070707070707070707070707070707010234343434343434343434343434343434343434343101010102101010101010101243234343434343434343434343434343101010101010102101010101010101010101010101010101010234
12,54545454545454545454545454545454545454545454545465656760707076070760707607076070707654545454546546545654565767607076070707070707070707070707071070101232343434343434343434343434321021010101010101010121232343434343432434324343210101010101010101010101010101010101010101010101234
13,5670707670767670767076076076707676707607676545435434565670707107010701070101010101021232343434323243243243243243234324324324324323210707070707070702123434343434343434543434
13,546767607070760707070707070707670707070707070765454343456567607070101012323434324343434343434343434343434343434324343101234343434543434
13,5657607607607076070707070707070760754343456567676070102432343434343434343434343434343234321010707070123234343434345434
13,54545434567076070760707070707070707070760707070707607070707070707545454545454567070101010101010101010232432434343434343434343434343434343434343234343243101010102323434
13,5454545454545454545656767607670767070760760707070707607070767070707076545454545454545454565676010101010101010101010101212324343434343434343434343434343243434321010101010101010101012324
14,545454545454545454545456546565654545656767676767676767676767076070760707070707010101010101021212121212121212121232323232324343434343434
14,545454654545654545454656565656767676767676767676767070760707010101010101010101212121212121212123232323232432324323434343434343434343434
14,5454545454545454545456565656565656565676767676767676767676076760707070701010101021010101212121212121212121232323232323232343243434343434
14,5454545454545465656546545656565656567676767676760767076070707070707070101010101010101010101010121212121212121232323234343434343434343434
14,5454545454654565456565656565676767676767676760767070707070707010101010101010212102121212121212121232323232323232343434343434343434
15,6565656767676767676767070707010101212121212121212121070707070102324343434343434343434
15,54545454567656767676767676760707070707010210101021010101210121212121212121212121210707070701024324343434343434354343434
15,65656565656565656760760767607670707070707070101010101212121210212121070707070707012343434343434343434343434343234
15,565656567676767676767076070707010101010210121212102121210101070707023434343434343434343434343434
15,54656565676767676767676767670760701010101012102121021212121212121070707070212323434324343454543434
16,5454545454545454565456565656767676767676767670707070101010101010101010707607076707670701232343210121212121212323232323432323434343434343434
16,5454545454545454545432456565656567676767676767676767607607607070707070707010101010101010101010102101021021070760767070760701023234323432343432121212121212323232323232323234323434343434343434
16,54545454545456567676767676767676767070760707010101010101010707076076707123232343434324323121021212121232323232343434343434343434
16,54545454545656565676767676767676767676076707070701021010101010101010121017070760707070212323432343434321212121232323232324323432434343434343434
16,5454545456546565656567676767676760767676767676767607670707070701010101010210101210210707070707012132323432434323434321212121232323232323232432343434343434343434343434
17,5654656567676767676767676760760707607070701010212107676767676767676760767676767676707010212323232324323232323232323232323232321070707070123234343434343434343434343432323434
17,6565676767676760767676707070210102121210212121212102107676767676767676767676767676767676760701232323232324323232323232323232323232432107010701023434343434324
17,656565656767676767070707070101012121076767676767676767676760701012323232323232323232323210707070123434343434343434343434343212434
17,5656567676767676707070701010101210121767676767676076076767676767607601232323243232323232323232323232321070760701023243434343434343434343234343
17,565465656565656767676760760707010101212121212121076767676767676767676767676767676767010212323232323232323232323232323232323210707070707070121023234343434343434343434343234
18,565676765656565654654543234323232323232323232323232323243234324343465656565656565656767012121212121210707670767676767676767676767676767670760707070102102121212121212323234
18,545454545465656565676760707024323212121210121010101010707076767676565676760767670707070701010102121212121212321232345465676565656565654545454543434343232321212123232323432343434343434
18,5465656565654343232323232323232323243232434343465656565656567607010232321212121076076767676767676767676707070701021012121212121212121232434
18,565676767656565656545454343432323212323232323432434345454546565656565656767670701023212121212101021010760767676765676767676707070701010121021212123232321212323234
18,565656565656565656545432323232123232323234343434545454565656565656567676076760701232323212121212121210121010101070760767676765676767676767070707010101210121212121212121212121232434
19,56565656565656565656565656767670123212176707070707070707070707070707070101234343434343434343434343434343453212121212121212121212434
19,5676560767070123232121210707070707070102343434343434323232434
19,5656565656567676070102123212107070707070707607071234343434343434343434321212121234
19,656565656567676760232323210707070707070701023434343434343434343212121232324
19,6565656565656565676767676767607012132323232323232107070707070707070121232434343434343434321212121212121212434
20,54567676760107070707070707070707076707676765654654545465454545454545434343454670701010101010101010101021212323232323434343432434343243434
20,545676070707070760707070707676767676565656565465454545454545454345343434343434565676707070707070701010101010101010101010210121212121212123232323232343434343243434343434343434
20,545454545456767070101010101076070707076707676767656565454545454545454545454343456767070707010101010101010102101012121212323232323232432324343434343434343434
20,5670707070707076707076076767656545454545454654545434345460767070101010101010101021010101021212323232432323432343434343243434343434
20,6567607070107070707070707070707607676765654545454545465454545454543434343434567670707070701010101010101010101010102101212121232432323432343243434343434343434343434
21,670707070707070707070707070707076545454545454545465454545454545676767070101010101010101010101010101010101010101010212323234343434343434324343434343434343434324323434
21,567670707070707607070707070707070707070707070707075454545454545454545454545454545454545454545454545676701010101010101010101010101010101010101010101010101010101010212121232343434343434343434343434343434343434343434324343434
21,65676070707070707070707070707070765454545454545454545454545454545456701010101010101010101010101010101010101010210213234343434343434343434343434343434
21,6707670767070707070707070707070754545454545454545454545456567670701010101010101010101010101010101010102123232434343434343434343434343434343434323432343434
21,5676707070707070707070707070707070707070765454545454545454545454545454545454545456767010101010101010101010101010101010101010101012123232432434343434343434343434343434343434343434343434
22,5676767070707070707070707070707545454545454545454656760701010707070760707656545454545454545454545454545656767070701010101010101010101010210101212323243434343432101010102121323243434343434343434343434343434343434
22,67070707070707070707070707070707070707070707076075454546545454654545454545454545456707607070707070707070760754545454545454545454545454545454545454545454545454545456567010101010101010101010101010101010101010101010101010101010101010121212323234343243434343434343432101010101010101010101010121232343434343434343434343434343434343434343434343434343434343434
22,56707070707070707070707070707070707654545454545454545454567676070707070707070765454545454545454545454545454567070701010101010101010101010101010101012323434343432434343210101010101010101232324324343434343434343434343434343434343434343434
22,656707070707070707070707070765454545454546545454565676707070707070707070707654545454545454545454545454545467070101010101010101010101010101010101232343243434343434321010101010101012323434324324343434343434343434343432434
22,5460767070707070707070707070707070707070707070765454545454545454545454545676707070707070707070765454545454545454545454545454545454545676701010101010101010101010101010101010101010101012323234324343434343434343210101010101010101010101232343434343434343434343434343434343434343434
23,54565465656545654565456546545434343434343432434323456760707670707607070765654565656545654565654565654565670212121012121021212102102101707070707070707670760707021232324343432343243434343212102101210121021210210212123234
23,5454545454545454545454545454545454343432434343434343432434345670707070707070707076076546545465454654545454545654546567670101010210102101021010210102101010707076070767070767070101232343432434343234343210102101010102101010101010101012323234
23,607676767676076076767670765465454654545654565456545656567670701012121210212101210102101070707076707676767607010123432323432324343243434321021010101010101010101234545454545454545454545454343232432323432323234
23,56707676707607675654565456567070102101210212101010707676707076702343234324323432432434323210101210123465454654545465454543243234324323434
23,5465767676076767076076707676545454545454545465454545656760707102101210101010102101021010101070767070760701243243434343243210101010212323454545454565454323243232343232324353
24,567676707607070707070707076070707545454545454545454545454545676070101010101010101010101010101010107070707070707070101023243243434343434343243454543434343434343434343432434
24,65676767076070760707070760707070707070707070707070707654545454545454654545454545454545454654546545454545454656767010101010210101010102101010101010210101010101010101010707070707070701021232343434343434343434343434343434343434343434343434343434343434323434324
24,6567670707070707607070765454545454545454545454545465676021010210101010210101010101010107070707070707070707010213234343434343434343434343434343434343434324343243434
24,65676767076070707070707075454545454545454545454545465676701010101010101010101010107070707070707021232434343434343434343434343434343434343432343243234
24,67670707076070707070707070707070765454546545454545454545454545454545456760707010101010101010101021010101010210101010101010101010107070707070707070707010212323243243434343434343434343434343434343432434343434343434324343243234
25,565656565676767676707010210101210102102101210101210176767676760701232323212321212132343245654656546546545465454545454323212121212434324
25,5656565656765676767012121212101021210101210101210210101010101010767076012123232323243454545454545456545465454546546545465454654532321212123234
25,5656565656565654656565456545432323212121212123234345465656565676767676767010101210121210121212121212121021076765676767676767012323232321232323243434
25,546565656565656767676701010210121012102121021021021010176567676707071232323212123243454654546545654565465465432121212121232434
25,65767676760701212102102101210101021010102101021012102107676767676767607670101232323232323232343454654545456545465456545654546545654565454654545432321232324
26,545454565456565656567676543434321212102123434545456565656767670760707607070101232321212121212323232343434
26,54565456565656565656767676767676545454543434323232121212102123234354656565656567676767676707070701010101010212121212123232323243243434
26,545454654565656565676767654343432321021210101023435454565656565656767670707070701012101212121232323232432343434
26,54545456546565656767676765432321021212102102323435656565676767670707010107010102343432121212123234
26,545465656565656767676760760707070707070101010123234345432121212121212323232432434345454545454545656565656767607654343232121212121021021234
27,5670707070707656567676767676076707607070121212121212324312323434343434343434343434
27,5465670707070707070707656567676070707010212101212121212323434324343434343434343434
27,676707070707070707070707076565656767676707070701010121212121212323234343434343434343434343434343434343434
27,56707070707070707075676767070707010102121212121232343454343434343434343434343434
27,5467607070707076567676767676076070707010101021012121212121243432324343434343434343434343434343434
28,5454545454546565465656565676701212121021010101010107076767676767676765676707012123232323232323243432434
28,545454545454546545656565607607012121210101010107076767676767676701232323232323232343434
28,54545454545454545654656767021212102101010101076765601212121212323232323243232434343
28,545454545456565656567607021212121010101076767676767070121232323232323234343434
28,5454545454545456565676701210210101010707676767021212323232323243434343434
29,5454545454545465656565434345456760707070707070707070102123243432121212323232434343434
29,546565656565676565654343434343454670707070707070707070707021232432432121212121232323234343434
29,5454546546565656765656543434565760760707070707012323434343432101021012121232324343434
29,5454545456565656567676767543434560707070707070707070103212343434321212123232343243434
29,54545456546565656765434546707070107070702323432121212323232323434343434
30,545454546545656567676070710101010101012121767676701212323232323232432434324
30,54545454545654656565676760767070701010102102102121212321070767676767676767670212123232323232323234343434
30,5454545656567670767010101010101012101217676767602121232323232324343234343434
30,5454545454565656767670101010101010102101767676767676767012323232323232323234343434
30,54545454546565656565656767676707070101010210121212123217070767676767676767676070121232323232323232324323434343434
31,6534545454545454546545656767676707070701023234343232101010210101010767676767012123210707070707070707021232343434343434343434343434
31,54545454545454545456565676707012432121010101010101010767656760701213210707070707070707070702123234343434324343434343432343
31,54656545454545454545456546767607021232432101010101010765607021212107070707070707070212323243434343434343434343234
31,5654545454545454545454545456546760767023210101010101010101076767676021232321070102432434543234
31,56545454545454546565676707670121010101010107670213232121070707070121323434343434323434
32,5657676765656565654545454545454312121232323234343434545454545454545654656767017670707010101010101010102121212121232323434
32,6576565454543210212323234345454545454545654656707076076707071070101010102121212123123234
32,567676765656565656545454545434310102123234343243434345454545654656767607676070707070707070101010121212121232324323
32,567656565656546545454545454321021212323232324343434545454546565654656767607070101010121212121232343
32,5656567676565454545434312123232323434345454545456565676576707010101010121234
33,54657670107070707070707076545456565676767676760707010124343454543232321210101021010132343434343434343434343434343434
33,567070707070707070756565676767607070707070701234343434323212121707070701232323434343434343434343434
33,567670707070707076545456565656767676767070760707010234343434343432321210107070102343434343434343434343434343434343434343434
33,5456767670707070707070707070707654565656560767070101010234545432121212102101010101010232324343434343434343434343434343
33,56767070707070707070765656565676767670701070102343454323212121212107070707012324343434343434343434343434
34,56707012323434
34,670702123234
34,656760701232434
34,565767607070123232434
34,567070707070707012323434343454343434
35,5670707076767676565654545454545434343434670707070101010101021021212323232323434
35,56767676565454545454345656701010101010121212123212323232434
35,565467070707607676545454545670701010101010212123232323243234343434
35,656701076765656565465454545454343465676076070707070101010101010101021212121232323234
35,5467676767676767676545454545454343456760707010101010101012121232323232323232323434
36,6567676070707070707070707654654546545454545454545656767670101021010101010707070767676012324323432343210212343434343434343434343434
36,607070707070707546545454545456701210101017070707607070701232343434343210101010101212323234343434343434
36,567070707070707070707076546545454545454545454565456767010121010107070707070767070123243432343434324343431010101010101010213232434343434343434343434343434
36,567670707070707070707654545454545454545465456070101021010102101010170707076702343234321010121232343434343434343434
36,6707070707075654545654545465454565676070101210101010707070760701212432434343210101021012343434343434
37,6567670707070707070707070707070702123434343434343434343434343434
37,6567670707010701070707070707070707070701232434343434343434343435434
37,670707070707070707070707070707012434343434343434343434343434
37,56707607070707070707070707070707070123434343434343434343434343434
37,56707010707070707010234343434343434
38,54545456565676767076545656767670707070102124343434343232121010101070102123234343434321210101010107012323434
38,545465656565676767675656567676076707070707070701213232343434343434323210702123232434343232321212101010123234
38,54654565676767676767607654565656565676767676070707070702123434543434343232321210101010101234324345434343432343232323232101010707070707012343434343434
38,54545454545456565676767676767070707076545454565656567676707070707070707070102343454343434343212102101010101010101012324343434343232102101010101010102323434
38,54545454545454546565656767676767676565656567676767676767070707010701070123243434545343432323232121210210101010123234545454543232321021010101010101012323234
39,5454545465456567676767070707010170101232343435345434323212121010101010707071012323234343434
39,54545454545454654656565676767607070707070701234343434321212101010101010212323434
39,5454545454546565656565676767670767076070701010121234545454543432323232121210101010101012323434
39,6760756565656567676767070707070701232434323212132121010107010123234343434
39,545454545456565676767676767070701010102323434545454343232121021010101010107012324343434
40,67024
40,545454654545656565676767676767670707010101021010210121232323234324343434
40,5454545454656567676767076707070701010101021012121021212323232343243434
40,5454545454546565465465676767676707070710210101012101212121232323234323432434343434
40,5454545456546565656565676767676767670707010101010101010101210121212123232323232434343434
41,5454545456567676767607070101012101210210212310107070707012343434343434
41,5454545454565456565656767676767070701010101021012121212107010212434343434
41,545656567676767676767607607010101021021210121212107070707070707021234324343434343434343434343434
41,545454546565656767676767076070101012121021212121212107070707070702434343434343434343434
41,5456565656767676767070701010210101210212121070123234343434
42,5454545656767670101010176767676767670212323232323210101010121021213232323432434546546565654545432121232324324343434
42,54565656565654545454545432123434345454545454565654607607071070101010107676767676767676702123232323232323212101010101021234343434
42,54545456565676765760707070701076767676070101232101010123232343243434345656545432121232324323434343434
42,54545454546565676767607010701767676767676767676767670212323232323232323232101012323232343234324343435656765454312123232323432434
42,5454545456567675670760101070170767676760701212323232101010101212323243434565656565435432123234343434
43,65656767676701232323212107070701023434343434
43,54545454545676767676767670701023232323232101010101010701023434
43,56767676767676767676767070101232323232323232323210101021323245434
43,56767676767676767607021232323232323210107070701232434343434
43,545454676767676767670123232323232321010101012324
44,656565656565432323232323232323234565656565656567676701212121212121076767676767676767676767070210121212121321212123234
44,65656543232323243434546565656560702121212121076767676707012102121212323234
44,56565656543232323232323243243243456546565465656565676701232121212121017076767676767676767076707010121212121232434
44,567656565654343243243234323434345454546565676767607023232321210170707670707070212121212123243
44,654565656565676701212121210210707076076707607076070710101210212324323456567656543432343234324343434
45,5656545456701076070212121212101070707656565670701212121232323232434343454321323434
45,565434657676707076076070121210707076565656565676701212121232324324343434343232323434
45,565654545454545670701010101010756567021212121070707076076767656565607012121232323234323434343434323434
45,65454545676701076767670232121070767676567071021232324324343432324
45,56543454567601010107076565656567670102121210707076765676707102123232323432434323234
46,567070707070767656545454545454343456707010210101010102121212323232434343434343434
46,567670707070707654545454545454345676767070101010101010102121212323232434343434343434
46,6
46,54567010707070707676565454545454543456760707010101010101012102123232323234324343434343434
46,546070101070707076545454545454345657670101010102101021012132323432434343434
47,565676707070707070707070707654545454545454545454567676070101010101010101010101010101012123232434343434343434343434343434324
47,65676707070707070707075454545454545454545465676760101010101010101010101017010102324343434343434343434343434324
47,54657676707070707070707070707070754545454545454545454545454545454545454656701010101010210101010101010102101010101010101010101012343434343434343434343243434343434343434
47,65676070767070707070707070707076545454545454545454546567670701010101010101010101010101010102324343434343434343434343434343434343434
47,56767607070707070707070765454545454545454545454567076701010101010101021010102101010210101232434343434343434343434343434
48,5467670707070707656545454545454565670707070707076545454545454545467607010101010101010102123232432343210101212323232434324343434343434
48,5676707070707070707076545454545454546567607070707070767545454545454656760101010101010101010212323431010101012123234343434343434343434
48,54567670707070707076767654545454545434656760707070707070760707676545454545454543434567070701010101010101012121232323431010101010212323234343434343434
48,56567670107070707076754545454567070707076545454545456567670101010101010101212323232343243210210101021232343434343434
48,54567670707070707076545454545657670707070760707076765454545454565676701010101010101010210212323243101212323234343434343434343434
49,546767076076076076545456567607601012101010707021232343434321010123232454545456545454343243434
49,6707675654565676701210101076070760212123232343432102434545654545434343434
49,6567676707676707676545654565467070101012101210210107076707607607023432432101010123234545454654543232323434
49,56545654545434343456576767070707565456076010210121070760701232434324321012101212324
49,560760765456545656760701210121010107601232343210101212323454565454324323432434
50,5676767656565465454545432121232323243434343454565767070710107070707676565454545454345467607070707010101010101212121232323234
50,565676767656545454543210232324343434343456760707070707675654546545454545456567670701010101010212121232323234
50,567676767656545454545434323232434343243434343434545465767010707076756545454567670710701010101012121212123232323232324
50,565676765656565654545454543212323434345670701070707076076765454545460707070101010101010102121212121212323234
50,56765654545432123232343434343434545656707010107070767654654545454546567676010212121232343
51,5454565456545432121212434565656567676767607010101010121021076767607012323243234
51,5656565676767070121012102102101076767012324324345454545654565456545432121232434
51,56565656567676767010101212107676767676760212323232323232323456545656565454321212324343
51,5465676767676707010121010102102107676767601213232323232343454654565465465456545465432321243234
51,56760701010101767676702323232323435656545432123234
52,65767070707070707012323243434343434
52,670707070707070701232343434343434
52,565676767070707070707070707023234343434343434343434
52,54565670707070170170707012434343434343
52,54567607010707012343434
53,546545656565656767676707601010101010101010767676767607101023232323232343246565454545454545454323212121212101023234
53,54545456565656565676767070701010101010101010767676767676767607012323232323232323212435456565654545454545454545434321212101010101234
53,56565656567567676076701010101010102101076767676707012132321232434565465465454545454545432121210234
53,54545454565656565676707070101010101010101021076767676767676070232323232323243454654545454545454545454343212121010102324
53,545454546565676767676707010101012101210176767676760707132323232323232434345465465454543232121010123234
54,54545656576767676767070101021012107676707010210212121212123212323456565656545434323232323234656565654543232323121210102123432434
54,5656565656565654543232323232323435656565656565656565654654543434323232321212123246546565656767676767676760707070707010101021021212176767676767070701010102102121212121212123434
54,5454545656567607670707010107676767670707070701212121212121212121212102343454656565656565656565454343432321210213234324656565654545432321212101023434
54,54656567676767676707070101017676760707070101212121212121212121212121212343456565656565656565656565454324323243232321243465656565656565454324323232121210213234
54,54565656567676767607070710121021210760760707070710101021212321212123456565656543432323232434565656543210212123
55,5454545454545454545454546707010101010101010101010101010101076767675656545454545454656767010101070707010213234343432323232323232323232434
55,5454545454545454545454545454567010101010101010101010107656543454546567676070101070707070212323434343432123232324
55,545454654545454545454545454545454545607070101010101010101010101021010101076765656565453434546567607670707070707070101232324343434343432121232323243434
55,54545454545454545454567010101010101010107676765435454607010707010234343432323232323232434
55,54545454565454545454545456707010210101010101017676767654545454545467070101010101010107010710212345432323232323232323434
56,565656565676767671023232121070707076565656767676767676767070707070101012121212121212123232345656765657656565656565454343232323232312121212121232343434343434343432323234
56,5454565607676767676767676767012323243232323232321210707010107656565656565676767676707670707010101212121212323123234545676765656565454545434343232323212121212121023243454343434
56,5676767676070212323232321231076767070765656567676767676760767070707010121212123232323232323232432345676767676767676767656545434343434323232323232131212121212102324324343434343434
56,5656767676767676760760232323232323232107070107076567676767607676070707010102121212121212323454656765656565654543432323232121212123245434343234
56,6546767676767676767607070123232323232107070707070707070765656546767670707070707010102101212121212121212123232435456576565656565656565465454343232321212121212343234343434343434343454343434
57,545454545454545465465670101010101010107656567676767676707010101010121212323232343434343434343434345434
57,54543454545454545454546545456565670121021010101010101010107656565676767676076707010101010121232323232432434323234
57,545454545454545454546546767012101010101021010101070765656565765676767070101010101212102123243232343434343434343434
57,54545454545454546707101010101010101010107076565656767607607070101021212123232323432343434343434
57,545454545454545656565676760121010101010101010707656767676760701010210121012121232323243234343432434
58,5656545656565656565656565676070101010101010101010101010101010101010101212345454545454545454545454545454545453532121212121212121234
58,545656565656565670101010101010101010101010101010101010101010101023454545454545454545454545454545454545454532121212121021232434
58,565656565656565656701010101010101010101010101010101234345454545454545454545454545454543212121212123234
58,5656565656565767010101010101010101010101010212323454545454545454545454545454321212123
58,5656567070101010101010101010101010101213243434545454545454545454545432121212324324
59,545456546565656567676767010101010101010707070701010101012102121232323243234343434345454324323434
59,545456565656567676767070701021010107070707010101212121212323232343434343454545465343232324
59,5456546565656565656567676767670701010101021070767070707010101010101010121212123232323234324343434345454545454543232343434
59,5454545454545454543234343456565656767676760767607070101010101707070701010121212123232323232343434343434
59,545454545434345654656567676767607670760701010107070707010101010101021212123232323432434343434
60,56565656565656565465454543231232323232323234323454565656767676707070101010101021212102121212121212102123234
60,5656565656565656565656546545454545454323232323232343545454565656767607676070707010101010101010101012121212121212121212121212323434
60,65656565656565654545454323232324323434545656767670707070101010101012101212121212121212121234
60,545656565656565656565656545323232343234343434545456567676767070707070707010101010212121212121212121212121234
60,54654656565656565656565656546545454545432102123232323232432343434545454567676767607670767070707070101010101210212121212121212121212121234
61,54545454545454546545656565676076070707070707070707070101010101010101010212123232323234343434343434
61,545454545656565656767670707070707070707010101010101010101012323234343434343434343434
61,54545465656565676767670707070707070101010101010101010101010121232324343434343434343434343434343434
61,54654545456565676767670707070701010210210101212123232324343434
61,5454545453234545465656767676767676070767070707070707010101010101010101012121232323243434343243434343434
62,6565656565454545454545321232346565656565656545454545454545454545454545454545656767010101010101010101076565454545454545454545454656701010101010101767607102123213210101010101010765656767607010121212121210101010101010101243454545454321210101010101010101232324345454321212323434
62,5454545454545454543234654545454545432323232434567676767676545454545456567670701010101010767676767676545454545454545465676707071010101010101017076707012101010101707676767676701023232323232101010102101010102102123454545454545454545343232323210101010101010102101212343
62,656545454543212345656565454545454545454545454545456701010210101010101010107654545454545454545456076010101010101021076767656760760123232101010756760760231210101010101010243454545432123212101010101010101010212323454545454545343232324
62,56565654545454321212324354565656565656545454545454545454545454545454545670701010101010101010101010101076545454545454545454545454656707010101010101010101010107670707010123232101010757567670701021010101010101010123454545454543212101010101010101010123245454545432323434
62,654545454545453232345654545454545454545456760101010107654545454545454545657607601010101010107676701232121010101010101076767676701023232101010101010101012345454545454543212321210101010101010101010101234545454545454323243434
63,565656565676767102121232321212123234
63,54656707023434
63,6565656565656565656565676070123212121212121212121232434
63,54656565607010212123243
63,545656565656767012121212323234
64,6024
64,5656760707070707010701021232345434543434343434
64,56576070707070707070707070707021232434343434343434343434343434
64,6576760707070707070710123234343434343434
64,567070707070707070707070707012323434343454343434343434343434
65,5656565656565656767676767607070701010101010101010101234345454545454545454545434343232323232121212121212123234
65,545456565656565676767676767670707070707010101021010101010101010101010212323454545454545454546545454545434343232323212121210102123234
65,56545656565656565676760767670760707010101010101010101010107070701012343434345454545454545454545434323232121212121012123234
65,545454565465656565656567676767676760767070701010210210101010101070123434345454545454654545654545465454343243243232323212121021010210101213232434
65,545465654656565656767676767607607070701010101010101010101010107070102323434345454546545454545454545454343432321212121212101021012324
66,54545454545454545656560121212121012101010101010101010707070707070707076070767676076702323232324343432434343434343434343434
66,54545454654545454654654565465670121210101010101010101010707070707076076707676767676701243232432323432343434343434343434
66,545454545454545454545454546701010101010101010101701010707070707070767676767676076760701232323232323232323432343434343434
66,54545454545656707101210101010101010707070707070707676767101232323232343434343434343434
66,545454545454545456545656760121021010101010101010107070707070707070707070707607676701232323234323434343434343434343434343434
67,546767070707070707070707070707070707070707070707070707070101010101010123243434545454545454343434343434343434343243434343434343434343432434323243434
67,5456767607676707670707070707070707070101010101010101010101010101010212323454545454545454545454545434343434343434323243234
67,670707607070707070707070707070707070701010101010123234345454545454343434343434343434343434343434
67,5676767676767076070707070707010101010101010101010101010212323434545454545454545454545454543434343432434324323234323234
67,6767676707607070707070707070701010101010101010101010101232454545454545454545454545454343434343434343234323432323234
68,546767070707070707070701012324343434343434343434
68,5676076070707070707012434343434343434
68,56767076707070707010212324343434343434
68,670760707070707012343434343434
68,5656767076070707070707070101232432343434343243434
7,54545353535453453560701010765454546071010243432121210107560212434543
7,54545454545454570701010765657545435453454560710101017076
7,54545454545456070101010765454670101075703101010123454534545467010107010101024
22,5454570101010101075654545454545601010765654545454546702101010101010212123210121234
22,54545701075654545454545454560101070107075656545454546710101010101012121232343431010212324543
22,5454535457010101010756545454545454601010107656545454545434601010101010121234310121243453
23,545654545454343210101434567676070754545654567070701232103101707070707607602323243434321012
23,56707070707545354546560101010210101010707070707010243434343210101021235454545343434343234
23,6754545456701010101707013431010210254565454323432123434
2,545453545656760707070243434323217210101070707076765656560212121321232343434
2,545454565676767070234343210107070760212323434343434534
2,545454565676760702432432321021210101707076767656572121232323434343
59,545456546565656765676702321212310101767676765656565676021212107676767676707070101012121212123232432345454545465465432323243434
59,54565656567121212107676767676765656545656565343232324676767676010231212121454656565343
59,6565656567676702432321212101017607076767676765454546121072101021076767676070707010102102121212123232345456545454545432323232323434
19,65676565602121010101010123454545453454313121210234
19,65656021707012101017017210101245454545454546
19,567565656760210101010101010101012434546545454545454321217012324
52,56707070707070234343434343434
52,5453454545454567010101010107070707232343434343434
52,5454567010107070707134343434
13,56707676707676765434343434567070707070213232432323123210707075712434343434
13,5467075656760707070707075454354545454545460101010101071010101234343434343212101010101023454543434
13,54546545656565676070707076545354545672101010101023434343212101010101010234543
53,565676767070101010101010101076767676
53,54545454545454545454545434323232310234676767676707010101010101010101010107676765602121212323434
53,656567670707070101010101010101017676765612121212323234545454545454534343432121234
11,5460707070707675765765656121232434343434
11,54545454545454567010101010101010101765656565601212121212324
11,545454545460101010101010767656
17,656767601021212121070767024323432434310101010
17,560756565676701010121212176707676767023232323217107010234543534
17,5454346075656560707010101021070767650
3,565656767676707070701012121232321024343434343434
3,57676534343434343456565656767670707070701021212323232323234
3,546565676767070707070701212121232323232467675434343434343
12,545454545454545354565607070754654565456545460101010101076
12,5454545454545607070107565454545601010101010710107024545454545454310101021210212345432101010101010101024
12,5454545454545460757070707565654565456070107101010101010710235454545453543102101210212434310101010101010124
9,5675656765602
9,5765765765602121707070707023247565434343434345321234
9,56765756021217070707070232324676576767543434343434353212323
1,5607576576567657576576575601217656707010101212121232313231243434543543434
1,5467607656012176565767070701212121231231323232343434324
1,65457607656012176565670701021212123232343534543534343234
4,56765670143123232107075676565656721212121232107076767675676560212123232323234343434
4,5454656760232121010760212121321070767656565601212121232323234343453534
4,545607072323210701076561212121210707076765650102123234343434
25,65654543432172346576576767070765676
25,765675756565465432321210723253456567607071010217602121212121765765656560121212121234546565656532172324
25,5656545434321210345676760707675765602
10,5454545465345454546010101076565454601012101760750767670232323232323210101010124
10,54654545454607071010765654565456567012101210310121210707076076760232324324310102101024
10,54545454545670176565454654656501210707070760767232343434310101021024
21,670707070707070707070754545454545457010101010101023434343434343434343434
21,545607070707545454545454545456010121710101010101010121023534343434
21,56767070707070707653545454545454501010101010213434343434343432102343434
58,6567676560101010101010767676767676723232323232101010101010101034545454545432101343456765454545454545431231232123212324
58,576567010101010101010101017612
58,60756567656545454545454343212121212345656565656565670701010101010176021212101012345434321232323124
58,5465656565656767676010101010756767602
58,607676767656545454545454323123212323467676567670701010101210101010767612312101010101245454323232434
58,6567676767676767010101010101076767612321231010101010101010245454545453231023435465765454545454323232323212324
58,65676565676707010101010767676121210101010101010254545454543212102345657565654545454543212121232434
58,65676767656565701010101010107012434321014565676545454543232321234
58,6565656565671021012101010107656767602121010123453213234656565454545454565432121212324
58,6565765656567601010101010101010765672121212121210101010101234345454545454321232102345656565654654545454545454545321212121213234
58,56567567601010101010101010107676
58,7024
58,67656565671021010101010767676767213232107070124343434543232343467676545454532323234
58,5656567656576565765601010101021010101010107656767602101010101243454545323123245676545454545454545454321212121023234
58,676767654545454545454545432132121212121212121071343565656565656565670101010102101010107657676
58,56567676545454343432323232324312345657676767670707070701010767676572
58,67676767676767676767670701021010107676576760210101010101024545454543232323234567676765454545454323232323232323232432324
58,6576565656560107676702101010101245454321213210703243456565656545454532121232123124
58,5676567676565656565670101010101010101765676
58,567656565676707010101010101017671231210101010101010101245454545454545454321234567656565454545454545434323212121323
58,54656565675676567676701010101010101010756767602123210101010124545454532123210123434676565454545454545453232123212321212124
58,565656767607101010101010121017676760212321010101010101243465454545323456546546545454545454543232321212124
58,5656565670707675761210101010101021014545454545432123456753543432121212124
58,65676567676070710101076756767602312312121010101010101010102454545454545454323212345657675654545432323213124
58,565656565454545454543212103456565607010101010107656576561212121212101010107070702343454545321212107234
58,65656565656565670101010101010107676767676767232323232323210101010101245454545434545453232321013454657676545454545432121214
58,5676567010212101767656767212101070707032343434531212323245654565465456545323212323212134
58,6565656567010102101010767676023213101010101010101010134545454545454545323212101013434546567675454545454545432131212465656560101010107676
58,5656565656565656701010101076756767602
58,575676567656545454545454545454321213212121234565656565601010101010101010767676
58,6767676767656767010101010176767121210101010101010102435454545454545323102456565654545465454532323232323234
58,565676567656765601012101767602101010101070702343434545453212102345656546545456546531212312321231217234
58,6765656765454545454323123234575676567567070101010101076757125
58,560765454545454545454545432121212121212107612323456565656565656701010101010101017076
58,576565454345454543212121232346565656010101010107676760232123212101010234545454321232432124
58,670234
58,546765670101012101767602101010101024345454545453232323245767676756545321232123
58,5656765654545454545454321212121210234675656565656576701010101010767676
58,676724
58,546765656765656565701010101010101010107676702310101010102454354323217031346765454545454545453212123101234
58,5675676767676545454545434323212323232324532465603
58,65676765465454545454323212323232456767656765676767607010101212101767602
58,65767656567010101010107656756760212121010101010234545454321232323467656765454545454565321232324
58,6565656560701010101010101010767602121010101010701013434545454312121024365656565654545454545454543212121234
58,56767656765765670101010101010101765765676021213210760123434321234656757545454545454545454653232323
58,56567676767676701010101767676
58,5656567656545434343232323232321072346567676767676707070107657676
58,5656767565676767670101010101010761
58,56767676767654543432323232323232343243567676767676767676707010767602
58,5654565656565656767676701010102101010101767560123121321210101010102345454321234656545454545432323232121212121210723434
58,56767676565456545654545454543232123213212132121767023232346754565656767607010101010101212101017676572121210101010101010102345454545454532323234
58,5767676576765454654323232323232323232123234567676767676767676767676707010101760212102101010101023545454545454532323232323
58,675756767676545454654545454323212121232121212107
58,6565656565656767010101010210101010101010101010107023434545454545454545454545454545454654321212121321212324
58,565656565676767010101010101010101017676767567676
58,56565656565656560101010101010101010767123121010101010134545454532321070234345656765454545454545432121212121212324
58,567676565676565675656565671010101010101010767657676
58,56567567656565454543432323232121435454656767676767670707070101010107676023212101010101010124545454545432123102324
58,570234
58,56767676767102121021212101010767676756760246
24,56707070707076545454545457012101010101010102454323434343434324
24,56070707070754545454560101010101076
24,567070707075454545456010101010102454543434343
0,5454545456767070707070707070707023235434343212123101034
0,54543565676707070707070707070707123434343212121010245434
0,612101010765465656070101024
8,65765657567021210107070765343676767070232323123232143213476765434534534534312323
8,676543454324656565712107107070765675476760123232132
8,565676765454545454543212121023245656756567602
57,54545454545454545454656567101010
57,545456545465656565676013432121010101076567670701212323232343434
57,5454545454565456567024323102101010101010767670707012323232323243434
20,6707070707070707676565654343434343434567070707070707070102121212123234343434343434
20,56707070707070767675765654543543534343432434670707070707010212123243234343434343434
20,5670707070767676565656543434343434324607070707070701012121232324343434343434
15,54545454545454565756767070701212121246565654654324323212171010101010101010234534
15,5454534545354545454656567670171012121212121010124532
15,54565656567670707010121212101245454545435453212102101456565656767070701012121210
55,545454545454545456565456712102101010101010101076765656565454545454546565656567010101012101010103243434543212121232323243434
55,5456546565676
55,545454545654656702321245602
54,56565656565676767012102101070707607012121212107124354656543243243434545465323121212121234
54,5676565656565434343434343454545321212101012434545454656565676010107070707012121212121212324
54,5656565656534343434343454546565456545432321212102324565656767670121210107070707021212121212434
18,567676767676565454343432121023243434545465676767072313210107070765670707070701012123232323232
18,567676767676565434343212123434345454565670134321010707654565670707070701012323232324
56,565656565465454543434343121354654545676576767021212107070701010102102121021212124
56,56565656567656761212121212107676767676760707010102102102102121212121234657565656546565454343232323232323434
56,5076565454545454565676701210107107010101012121232434
6,5454567670234321210101010707070707676765654343123235675656070707070243434343217070102123232434343434
6,5454545454656567670
6,54545454656565656723232121212101210101070767656565453232124656576767656565601010101071234545454532121010101212123232343
16,5454565676707070101767676560212323232132323434
16,5454565656543236767070767676701010217012123234
16,5454567670701217676565602123232323434543
16,54545656565656543232467670767670710101012101213475654532323234532
16,54532565676070701010176767656560212121232323121312323434
16,5454654565656767070707070101017657656560212
16,54545656767070101076767676767602
16,545454565676767676070707010107676560212323212323434
16,54545654565656565670170101010767657560212323212123232434
16,5465354545465465656070101071010123102323434
16,54545657676707070707010176713213213232323232343434
16,54546545456567010101021076756760212321212323434
16,5454545656565454323601767670710101246545323234321212102
16,5454545456567670707070101217676761232323232121313232343434
16,545454567676767070707070717107612121232324323434
16,5453565656565676707076565602121212121212123234
16,5465656576576707010107676560212132321232343434
60,56565656767670707070707010101232323232343456707076076767654545434343434310121212121232343434
60,54567070707676767676545454543434321212123232323434545454565656565676767670707012107070101010101212323232323234343434
60,56076767676767654545434343434343212123213434345454545676767670107070707070101012121232323232323234
14,54545456536545656701010102121212123232434
5,607010707075656561212
5,5676560232107107676565676121032121070234343434
5,567032313232107076565656021212
